Id,ParentId,Code,Name,IsVisible,IsDeleted,UpdatedDateTime,CreatedDateTime
15,0,01,物品分类,1,0,2010-12-21 19:35:00.873,2010-08-11 08:59:44.23
16,15,0101,01_板材基材,1,0,2010-12-21 19:35:00.873,2010-08-11 09:00:12.267
17,15,0102,02_铝框基材,1,0,2010-12-21 19:35:00.873,2010-08-11 09:00:42.267
18,15,0103,03_贴面板,1,0,2010-12-21 19:35:00.873,2010-08-11 09:00:59.76
19,15,0104,04_门型材,1,0,2010-12-21 19:35:00.873,2010-08-11 09:01:24.763
20,15,0105,05_玻璃,1,0,2010-12-21 19:35:00.873,2010-08-11 09:02:15.76
21,18,010301,06_五金配件,1,1,2010-12-21 19:35:00.873,2010-08-11 09:03:21.773
22,15,0106,06_五金配件,1,0,2010-12-21 19:35:00.873,2010-08-11 09:03:41.197
23,15,0107,07_封边带,1,0,2010-12-21 19:35:00.873,2010-08-11 09:04:04.327
24,15,0108,08_生产用品,1,0,2010-12-21 19:35:00.873,2010-08-11 09:04:18.313
25,15,0109,09_饰品_宣传品,1,0,2010-12-21 19:35:00.873,2010-08-11 09:04:41.74
26,15,0110,10_包装用品,1,0,2010-12-21 19:35:00.873,2010-08-11 09:04:54.657
27,15,0111,11_维修工具,0,1,2010-12-21 19:35:00.873,2010-08-11 09:05:05.53
28,15,0112,11_衣柜系列,1,0,2010-12-21 19:35:00.873,2010-08-11 09:05:39.267
29,15,0113,12_配套家具,1,0,2010-12-21 19:35:00.873,2010-08-11 09:05:51.04
30,15,0114,13_非标件,1,0,2010-12-21 19:35:00.873,2010-08-11 09:06:10.757
31,15,0115,14_趟门,1,0,2010-12-21 19:35:00.873,2010-08-11 09:06:20.837
32,16,010101,素板,1,0,2010-12-21 19:35:00.873,2010-08-11 09:06:38.797
33,16,010102,素板相关,1,0,2010-12-21 19:35:00.873,2010-08-11 09:06:45.99
34,32,01010101,刨花板素板,1,0,2010-12-21 19:35:00.873,2010-08-11 09:06:58.683
35,32,01010102,中纤板素板,1,0,2010-12-21 19:35:00.873,2010-08-11 09:07:08.67
36,33,01010201,家具贴面纸,1,0,2010-12-21 19:35:00.873,2010-08-11 09:07:20.03
37,33,01010202,皮纹贴皮,1,0,2010-12-21 19:35:00.873,2010-08-11 09:07:32.763
38,33,01010203,实木贴皮,1,0,2010-12-21 19:35:00.873,2010-08-11 09:07:42.47
39,33,01010204,原纸,1,0,2010-12-21 19:35:00.873,2010-08-11 09:07:49.163
40,33,01010205,PVC膜,1,0,2010-12-21 19:35:00.873,2010-08-11 09:07:56.687
41,17,010201,其它,1,0,2010-12-21 19:35:00.873,2010-08-11 09:08:04.14
42,17,010202,竖框,1,0,2010-12-21 19:35:00.873,2010-08-11 09:08:14.737
43,17,010203,横框,1,0,2010-12-21 19:35:00.873,2010-08-11 09:08:20.957
44,17,010204,轨道,1,0,2010-12-21 19:35:00.873,2010-08-11 09:08:25.51
45,18,010302,刨花贴面板,1,0,2010-12-21 19:35:00.873,2010-08-11 09:08:58.49
46,18,010303,中纤贴面板,1,0,2010-12-21 19:35:00.873,2010-08-11 09:09:09.25
47,18,010304,实木贴皮板,1,0,2010-12-21 19:35:00.873,2010-08-11 09:09:20.093
48,18,010305,皮纹板,1,0,2010-12-21 19:35:00.873,2010-08-11 09:09:31.973
49,18,010306,线条半成品,1,0,2010-12-21 19:35:00.873,2010-08-11 09:09:38.357
50,18,010307,待定,1,0,2010-12-21 19:35:00.873,2010-08-11 09:09:46.497
51,18,010308,线条产品,1,0,2010-12-21 19:35:00.873,2010-08-11 09:09:59.047
52,45,01030201,18mm,1,0,2010-12-21 19:35:00.873,2010-08-11 09:10:20.597
53,45,01030202,25mm,1,0,2010-12-21 19:35:00.873,2010-08-11 09:10:26.413
54,46,01030301,3mm,1,0,2010-12-21 19:35:00.873,2010-08-11 09:15:21.273
55,46,01030302,5mm,1,0,2010-12-21 19:35:00.873,2010-08-11 09:15:26.997
56,46,01030303,10mm,1,0,2010-12-21 19:35:00.873,2010-08-11 09:15:31.28
57,46,01030304,12mm,1,0,2010-12-21 19:35:00.873,2010-08-11 09:15:36.283
58,46,01030305,15mm,1,0,2010-12-21 19:35:00.873,2010-08-11 09:15:41.187
59,46,01030306,18mm,1,0,2010-12-21 19:35:00.873,2010-08-11 09:15:44.803
60,46,01030307,25mm,1,0,2010-12-21 19:35:00.873,2010-08-11 09:15:53.17
61,51,01030801,装饰顶线,1,0,2010-12-21 19:35:00.873,2010-08-11 09:16:09.28
62,51,01030802,圆弧装饰线,1,0,2010-12-21 19:35:00.873,2010-08-11 09:16:16.983
63,51,01030803,T型线,1,0,2010-12-21 19:35:00.873,2010-08-11 09:16:22.22
64,51,01030804,包角线,1,0,2010-12-21 19:35:00.873,2010-08-11 09:16:29.363
65,51,01030805,立体拼框条,1,0,2010-12-21 19:35:00.873,2010-08-11 09:16:36.817
66,51,01030806,百叶板,1,0,2010-12-21 19:35:00.873,2010-08-11 09:16:43.483
67,19,010401,其它,1,0,2010-12-21 19:35:00.873,2010-08-11 09:16:54.213
68,19,010402,竖框,1,0,2010-12-21 19:35:00.873,2010-08-11 09:16:59.39
69,19,010403,横框,1,0,2010-12-21 19:35:00.873,2010-08-11 09:17:07.91
70,19,010404,轨道,1,0,2010-12-21 19:35:00.873,2010-08-11 09:17:13.42
71,22,010601,移门五金,1,0,2010-12-21 19:35:00.873,2010-08-11 09:17:47.28
72,22,010602,普通五金,1,0,2010-12-21 19:35:00.873,2010-08-11 09:17:56.737
73,71,01060101,其它,1,0,2010-12-21 19:35:00.873,2010-08-11 09:20:36.287
74,71,01060102,垫条,1,0,2010-12-21 19:35:00.873,2010-08-11 09:20:50.37
75,71,01060103,定位_连接件,1,0,2010-12-21 19:35:00.873,2010-08-11 09:20:59.41
76,71,01060104,顶底轮,1,0,2010-12-21 19:35:00.873,2010-08-11 09:21:08.847
77,71,01060105,螺丝,1,0,2010-12-21 19:35:00.873,2010-08-11 09:21:14.337
78,71,01060106,饰盖_装饰件,1,0,2010-12-21 19:35:00.873,2010-08-11 09:21:32.273
79,71,01060107,掩门_折叠门配件,1,0,2010-12-21 19:35:00.873,2010-08-11 09:21:44.287
80,71,01060108,防尘_防撞条,1,0,2010-12-21 19:35:00.873,2010-08-11 09:22:05.993
81,72,01060201,其它,1,0,2010-12-21 19:35:00.873,2010-08-11 09:22:40.783
82,72,01060202,导轨,1,0,2010-12-21 19:35:00.873,2010-08-11 09:22:56.22
83,72,01060203,门铰,1,0,2010-12-21 19:35:00.873,2010-08-11 09:23:02.133
84,72,01060204,拉手,1,0,2010-12-21 19:35:00.873,2010-08-11 09:23:07.55
85,72,01060205,木塞,1,0,2010-12-21 19:35:00.873,2010-08-11 09:23:12.433
86,72,01060206,饰盖,1,0,2010-12-21 19:35:00.873,2010-08-11 09:23:18.087
87,72,01060207,组合件,1,0,2010-12-21 19:35:00.873,2010-08-11 09:23:25.423
88,72,01060208,层板粒,1,0,2010-12-21 19:35:00.873,2010-08-11 09:24:26.787
89,72,01060209,紧固件,1,0,2010-12-21 19:35:00.873,2010-08-11 09:24:38.043
90,23,010701,PVC封边带,1,0,2010-12-21 19:35:00.873,2010-08-11 09:24:56.787
91,23,010702,实木封边带,1,0,2010-12-21 19:35:00.873,2010-08-11 09:25:04.707
92,23,010703,1.2mm,1,1,2010-12-21 19:35:00.873,2010-08-11 09:25:12.447
93,24,010801,其它,1,0,2010-12-21 19:35:00.873,2010-08-11 09:25:23.12
94,24,010802,砂纸,1,0,2010-12-21 19:35:00.873,2010-08-11 09:25:29.59
95,24,010803,液体原料,1,0,2010-12-21 19:35:00.873,2010-08-11 09:25:36.417
96,24,010804,胶类,1,0,2010-12-21 19:35:00.873,2010-08-11 09:25:56.78
97,24,010805,钉,1,0,2010-12-21 19:35:00.873,2010-08-11 09:26:04.133
98,24,010806,待定,0,0,2010-12-21 19:35:00.873,2010-08-11 09:26:17.007
99,24,010807,设备备用件,1,0,2010-12-21 19:35:00.873,2010-08-11 09:26:26.72
100,97,01080501,油漆,1,1,2010-12-21 19:35:00.873,2010-08-11 09:26:41.15
101,97,01080502,固化剂,1,1,2010-12-21 19:35:00.873,2010-08-11 09:26:51.603
102,97,01080503,稀释剂,1,1,2010-12-21 19:35:00.873,2010-08-11 09:27:08.783
103,97,01080504,天那水,1,1,2010-12-21 19:35:00.873,2010-08-11 09:27:16.507
104,99,01080701,其它备件,1,0,2010-12-21 19:35:00.873,2010-08-11 09:27:44.807
105,99,01080702,开料锯备件,1,0,2010-12-21 19:35:00.873,2010-08-11 09:27:54.133
106,99,01080703,封边机备件,1,0,2010-12-21 19:35:00.873,2010-08-11 09:28:04.133
107,25,010901,设计物料,1,0,2010-12-21 19:35:00.873,2010-08-11 09:28:21.787
108,25,010902,工厂物料,1,0,2010-12-21 19:35:00.873,2010-08-11 09:28:32.423
109,25,010903,工厂物料,1,1,2010-12-21 19:35:00.873,2010-08-11 09:28:49.27
110,25,010904,展示用品,1,1,2010-12-21 19:35:00.873,2010-08-11 09:28:59.243
111,25,010905,小样品,1,1,2010-12-21 19:35:00.873,2010-08-11 09:29:06.44
112,25,010906,其它,1,1,2010-12-21 19:35:00.873,2010-08-11 09:29:14.477
113,26,011001,其它,1,0,2010-12-21 19:35:00.873,2010-08-11 09:29:38.777
114,26,011002,护角,1,0,2010-12-21 19:35:00.873,2010-08-11 09:29:45.883
115,26,011003,泡沫,1,0,2010-12-21 19:35:00.873,2010-08-11 09:29:52.383
116,26,011004,珍珠棉,1,0,2010-12-21 19:35:00.873,2010-08-11 09:30:01.967
117,26,011005,蜂窝芯,1,0,2010-12-21 19:35:00.873,2010-08-11 09:31:21.77
118,26,011006,纸板_ 纸皮,1,0,2010-12-21 19:35:00.873,2010-08-11 09:32:11.293
119,26,011007,纸箱,1,0,2010-12-21 19:35:00.873,2010-08-11 09:32:16.587
120,26,011008,其它,1,1,2010-12-21 19:35:00.873,2010-08-11 09:32:41.27
121,28,011201,标准衣柜,1,0,2010-12-21 19:35:00.873,2010-08-11 09:33:18.287
122,28,011202,衣帽间衣柜,1,0,2010-12-21 19:35:00.873,2010-08-11 09:33:47.273
123,29,011301,书房,1,0,2010-12-21 19:35:00.873,2010-08-11 09:34:09.863
124,29,011302,客厅,1,0,2010-12-21 19:35:00.873,2010-08-11 09:34:18.613
125,29,011303,卧室,1,0,2010-12-21 19:35:00.873,2010-08-11 09:34:24.943
126,29,011304,餐厅,1,0,2010-12-21 19:35:00.873,2010-08-11 09:34:34.09
127,121,01120101,标准衣柜,1,1,2010-12-21 19:35:00.873,2010-08-11 09:51:58.28
128,121,01120102,B款衣帽间,1,1,2010-12-21 19:35:00.873,2010-08-11 09:52:12.267
129,121,01120103,C款衣帽间,1,1,2010-12-21 19:35:00.873,2010-08-11 09:52:19.293
130,123,01130101,书柜,1,0,2010-12-21 19:35:00.873,2010-08-11 09:52:36.783
131,123,01130102,电脑台,1,0,2010-12-21 19:35:00.873,2010-08-11 09:52:42.637
132,130,0113010101,E款书柜,1,0,2010-12-21 19:35:00.873,2010-08-11 09:52:50.947
133,130,0113010102,E(F)书柜,1,0,2010-12-21 19:35:00.873,2010-08-11 09:53:13.767
134,130,0113010103,F款书柜,1,0,2010-12-21 19:35:00.873,2010-08-11 09:53:20.367
135,131,0113010201,A款电脑台,1,0,2010-12-21 19:35:00.873,2010-08-11 09:53:30.213
136,131,0113010202,B款电脑台,1,0,2010-12-21 19:35:00.873,2010-08-11 09:53:37.857
137,131,0113010203,E款电脑台,1,0,2010-12-21 19:35:00.873,2010-08-11 09:53:42.177
138,131,0113010204,F款电脑台,1,0,2010-12-21 19:35:00.873,2010-08-11 09:53:53.937
139,124,01130201,鞋柜,1,0,2010-12-21 19:35:00.873,2010-08-11 10:08:28.327
140,124,01130202,电视柜,1,0,2010-12-21 19:35:00.873,2010-08-11 10:08:35.883
141,124,01130203,玄关柜,1,0,2010-12-21 19:35:00.873,2010-08-11 10:08:48.477
142,124,01130204,酒柜,1,0,2010-12-21 19:35:00.873,2010-08-11 10:09:14.28
143,124,01130205,A款玄关柜,1,1,2010-12-21 19:35:00.873,2010-08-11 10:09:47.277
144,124,01130206,F款酒柜,1,1,2010-12-21 19:35:00.873,2010-08-11 10:09:58.97
145,125,01130301,床,1,0,2010-12-21 19:35:00.873,2010-08-11 10:10:45.793
146,125,01130302,实木床,1,0,2010-12-21 19:35:00.873,2010-08-11 10:11:09.78
147,125,01130303,床头柜,1,0,2010-12-21 19:35:00.873,2010-08-11 10:11:15.323
148,125,01130304,斗柜,1,0,2010-12-21 19:35:00.873,2010-08-11 10:11:40.293
149,125,01130305,A款梳妆凳,1,1,2010-12-21 19:35:00.873,2010-08-11 10:11:51.927
150,125,01130306,B款梳妆台,1,1,2010-12-21 19:35:00.873,2010-08-11 10:11:57.917
152,127,0112010101,纤维板衣柜,1,1,2010-12-21 19:35:00.873,2010-08-16 15:20:11.593
153,127,0112010102,刨花板衣柜,1,1,2010-12-21 19:35:00.873,2010-08-16 15:20:24.1
154,152,011201010101,1#柜,1,1,2010-12-21 19:35:00.873,2010-08-16 15:20:50.037
155,152,011201010102,2#柜,1,1,2010-12-21 19:35:00.873,2010-08-16 15:20:57.917
156,152,011201010103,3#柜,1,1,2010-12-21 19:35:00.873,2010-08-16 15:21:04.657
157,152,011201010104,4#柜,1,1,2010-12-21 19:35:00.873,2010-08-16 15:21:12.753
158,152,011201010105,8#柜,1,1,2010-12-21 19:35:00.873,2010-08-16 15:21:19.66
159,152,011201010106,公用件,1,1,2010-12-21 19:35:00.873,2010-08-16 15:21:27.383
201,20,010501,标准玻璃,1,0,2010-12-21 19:35:00.873,2010-08-17 08:37:18.01
202,20,010502,非标玻璃,1,0,2010-12-21 19:35:00.873,2010-08-17 08:37:23.833
203,72,01060210,家具配用五金,1,0,2010-12-21 19:35:00.873,2010-08-17 08:44:25.457
204,90,01070101,0.45mm,1,0,2010-12-21 19:35:00.873,2010-08-17 08:56:04.477
205,90,01070102,0.60mm,1,0,2010-12-21 19:35:00.873,2010-08-17 08:56:11.383
206,90,01070103,1.20mm,1,0,2010-12-21 19:35:00.873,2010-08-17 08:56:16.503
207,91,01070201,0.60mm,1,0,2010-12-21 19:35:00.873,2010-08-17 09:18:49.77
208,15,0116,15_成品配套,1,0,2010-12-21 19:35:00.873,2010-08-17 09:20:44.01
209,15,0117,16_工程用料,1,0,2010-12-21 19:35:00.873,2010-08-17 09:21:07.45
210,209,011701,板材类,1,0,2010-12-21 19:35:00.873,2010-08-17 09:22:31.49
211,209,011702,五金类,1,0,2010-12-21 19:35:00.873,2010-08-17 09:23:37.547
212,209,011703,型材类,1,0,2010-12-21 19:35:00.873,2010-08-17 09:23:51.437
213,15,0118,17_研发实验用料,1,0,2010-12-21 19:35:00.873,2010-08-17 09:26:24.913
214,213,011801,板材类,1,0,2010-12-21 19:35:00.873,2010-08-17 09:26:46.537
215,213,011802,五金类,1,0,2010-12-21 19:35:00.873,2010-08-17 09:26:57.277
216,213,011803,型材类,1,0,2010-12-21 19:35:00.873,2010-08-17 09:27:03.51
217,99,01080704,排钻备件,1,0,2010-12-21 19:35:00.873,2010-08-17 09:47:03.443
218,99,01080705,叉车备件,1,0,2010-12-21 19:35:00.873,2010-08-17 09:48:11.297
219,99,01080706,线条组备件,1,0,2010-12-21 19:35:00.873,2010-08-17 09:48:47.667
220,25,010907,脸,1,1,2010-12-21 19:35:00.873,2010-08-17 09:53:40.48
221,107,01090101,其它,1,0,2010-12-21 19:35:00.873,2010-08-17 09:56:49.42
222,107,01090102,装饰品,1,0,2010-12-21 19:35:00.873,2010-08-17 09:56:55.15
223,107,01090103,木线,1,0,2010-12-21 19:35:00.873,2010-08-17 09:57:10.893
224,107,01090104,灯具,1,0,2010-12-21 19:35:00.873,2010-08-17 09:57:16.913
225,107,01090105,挂画,1,0,2010-12-21 19:35:00.873,2010-08-17 09:57:24.19
226,107,01090106,自存类,1,0,2010-12-21 19:35:00.873,2010-08-17 09:57:34.423
227,108,01090201,其它,1,0,2010-12-21 19:35:00.873,2010-08-17 09:58:09.317
228,108,01090202,礼品,1,0,2010-12-21 19:35:00.873,2010-08-17 09:59:16.513
229,108,01090203,宣传资料,1,0,2010-12-21 19:35:00.873,2010-08-17 10:00:00.003
230,108,01090204,工衣,1,0,2010-12-21 19:35:00.873,2010-08-17 10:00:32.953
231,108,01090205,小样品,1,0,2010-12-21 19:35:00.873,2010-08-17 10:00:51.713
232,29,011305,店面展示家具,1,0,2010-12-21 19:35:00.873,2010-08-17 10:02:19.913
233,119,01100701,其它纸箱,1,0,2010-12-21 19:35:00.873,2010-08-17 10:06:59.433
234,119,01100702,五金纸箱,1,0,2010-12-21 19:35:00.873,2010-08-17 10:07:09.457
235,119,01100703,标准件纸箱,1,0,2010-12-21 19:35:00.873,2010-08-17 10:07:37.293
236,235,0110070301,标准衣柜纸箱,1,0,2010-12-21 19:35:00.873,2010-08-17 10:14:34.95
237,235,0110070302,配套家具纸箱,1,0,2010-12-21 19:35:00.873,2010-08-17 10:14:49.857
238,24,010808,维修工具,1,0,2010-12-21 19:35:00.873,2010-08-17 10:20:28.943
239,28,011203,实木贴皮衣柜,1,0,2010-12-21 19:35:00.873,2010-08-17 10:27:00.4
240,121,01120104,层板类,1,0,2010-12-21 19:35:00.873,2010-08-17 10:33:04.41
241,121,01120105,侧板类,1,0,2010-12-21 19:35:00.873,2010-08-17 10:33:10.57
242,121,01120106,组件类,1,0,2010-12-21 19:35:00.873,2010-08-17 10:33:18.737
243,240,0112010401,1#层板,1,0,2010-12-21 19:35:00.873,2010-08-17 10:38:08.5
244,240,0112010402,2#层板,1,0,2010-12-21 19:35:00.873,2010-08-17 10:38:14.507
245,240,0112010403,3#层板,1,0,2010-12-21 19:35:00.873,2010-08-17 10:38:19.027
246,240,0112010404,4#层板,1,0,2010-12-21 19:35:00.873,2010-08-17 10:38:23.62
247,240,0112010405,5#层板,1,0,2010-12-21 19:35:00.873,2010-08-17 10:40:10.407
248,240,0112010406,6#层板,1,0,2010-12-21 19:35:00.873,2010-08-17 10:40:22.483
249,240,0112010407,7#层板,1,0,2010-12-21 19:35:00.873,2010-08-17 10:40:30.503
250,240,0112010408,8#层板,1,0,2010-12-21 19:35:00.873,2010-08-17 10:40:38.403
251,241,0112010501,2068侧板,1,0,2010-12-21 19:35:00.873,2010-08-17 10:42:21.4
252,241,0112010502,2388中侧板,1,0,2010-12-21 19:35:00.873,2010-08-17 10:42:50.407
253,241,0112010503,2780高侧板,1,0,2010-12-21 19:35:00.873,2010-08-17 10:43:05.18
254,242,0112010601,抽屉,1,0,2010-12-21 19:35:00.873,2010-08-17 10:45:52.853
255,242,0112010602,L架,1,0,2010-12-21 19:35:00.873,2010-08-17 10:46:27.9
256,242,0112010603,挂板,1,0,2010-12-21 19:35:00.873,2010-08-17 10:46:38.9
257,254,011201060101,抽面,1,0,2010-12-21 19:35:00.873,2010-08-17 10:48:11.407
258,254,011201060102,抽芯,1,0,2010-12-21 19:35:00.873,2010-08-17 10:48:16.47
259,257,01120106010101,平板抽面,1,0,2010-12-21 19:35:00.873,2010-08-17 10:49:21.907
260,257,01120106010102,立体抽面,1,0,2010-12-21 19:35:00.873,2010-08-17 10:49:28.623
261,257,01120106010103,艇型抽面,1,0,2010-12-21 19:35:00.873,2010-08-17 10:49:37.397
262,254,011201060103,亚克力抽屉,1,0,2010-12-21 19:35:00.873,2010-08-17 10:53:06.407
263,259,0112010601010101,1#抽面,1,0,2010-12-21 19:35:00.873,2010-08-17 10:54:31.55
264,259,0112010601010102,3#抽面,1,0,2010-12-21 19:35:00.873,2010-08-17 10:54:48.9
265,259,0112010601010103,4#抽面,1,0,2010-12-21 19:35:00.873,2010-08-17 10:54:57.773
266,260,0112010601010201,1#抽面,1,0,2010-12-21 19:35:00.873,2010-08-17 10:55:02.793
267,260,0112010601010202,3#抽面,1,0,2010-12-21 19:35:00.873,2010-08-17 10:55:07.59
268,260,0112010601010203,4#抽面,1,0,2010-12-21 19:35:00.873,2010-08-17 10:55:11.0
269,261,0112010601010301,1#抽面,1,0,2010-12-21 19:35:00.873,2010-08-17 10:55:20.96
270,261,0112010601010302,3#抽面,1,0,2010-12-21 19:35:00.873,2010-08-17 10:55:25.68
271,261,0112010601010303,4#抽面,1,0,2010-12-21 19:35:00.873,2010-08-17 10:55:28.803
272,258,01120106010201,普通抽芯,1,0,2010-12-21 19:35:00.873,2010-08-17 10:55:55.357
273,258,01120106010202,阻尼抽芯,1,0,2010-12-21 19:35:00.873,2010-08-17 10:56:11.49
274,242,0112010604,格子架,1,0,2010-12-21 19:35:00.873,2010-08-17 10:56:56.4
275,242,0112010605,裤架,1,0,2010-12-21 19:35:00.873,2010-08-17 10:57:07.413
276,242,0112010606,电视架,1,0,2010-12-21 19:35:00.873,2010-08-17 10:57:33.293
277,242,0112010607,功能组件,1,0,2010-12-21 19:35:00.873,2010-08-17 11:05:09.403
278,28,011204,衣柜装饰线,1,0,2010-12-21 19:35:00.873,2010-08-17 11:09:14.383
279,239,01120301,其它类,1,0,2010-12-21 19:35:00.873,2010-08-17 11:12:06.357
280,239,01120302,层板类,1,0,2010-12-21 19:35:00.873,2010-08-17 11:12:11.973
281,239,01120303,侧板类,1,0,2010-12-21 19:35:00.873,2010-08-17 11:12:16.507
282,239,01120304,组件类,1,0,2010-12-21 19:35:00.873,2010-08-17 11:12:34.883
283,121,01120107,其它类,1,0,2010-12-21 19:35:00.873,2010-08-17 11:13:01.473
284,30,011401,非标板件,1,0,2010-12-21 19:35:00.873,2010-08-17 11:44:12.127
285,30,011402,非标组件,1,0,2010-12-21 19:35:00.873,2010-08-17 11:44:22.68
286,15,0119,18_标准基础板件,1,0,2010-12-21 19:35:00.873,2010-08-17 15:46:35.153
287,286,011901,衣柜基础板件,1,1,2010-12-21 19:35:00.873,2010-08-17 16:22:47.227
288,286,011902,配套基础板件,1,1,2010-12-21 19:35:00.873,2010-08-17 16:22:53.903
289,208,011601,衣柜系列,1,0,2010-12-21 19:35:00.873,2010-08-18 11:07:52.17
290,208,011602,书房系列,1,0,2010-12-21 19:35:00.873,2010-08-18 11:08:25.203
291,208,011603,卧室系列,1,0,2010-12-21 19:35:00.873,2010-08-18 11:08:33.16
292,208,011604,客厅系列,1,0,2010-12-21 19:35:00.873,2010-08-18 11:08:45.487
293,208,011605,店面展示系列,1,0,2010-12-21 19:35:00.873,2010-08-18 11:09:08.993
294,289,01160101,标准衣柜,1,0,2010-12-21 19:35:00.873,2010-08-18 11:09:21.663
295,289,01160102,衣帽间,1,0,2010-12-21 19:35:00.873,2010-08-18 11:09:26.997
296,289,01160103,实木贴皮衣柜,1,0,2010-12-21 19:35:00.873,2010-08-18 11:09:40.657
297,290,01160201,书柜,1,0,2010-12-21 19:35:00.873,2010-08-18 11:09:54.467
298,290,01160202,电脑台,1,0,2010-12-21 19:35:00.873,2010-08-18 11:09:59.033
299,291,01160301,床,1,0,2010-12-21 19:35:00.873,2010-08-18 11:10:14.13
300,291,01160302,实木床,1,0,2010-12-21 19:35:00.873,2010-08-18 11:10:20.527
301,291,01160303,斗柜,1,0,2010-12-21 19:35:00.873,2010-08-18 11:10:32.663
302,291,01160304,梳妆台,1,0,2010-12-21 19:35:00.873,2010-08-18 11:10:38.863
303,292,01160401,鞋柜,1,0,2010-12-21 19:35:00.873,2010-08-18 11:10:53.14
304,303,0116040101,电视柜,1,1,2010-12-21 19:35:00.873,2010-08-18 11:11:07.653
305,303,0116040102,玄关柜,1,1,2010-12-21 19:35:00.873,2010-08-18 11:11:16.753
306,292,01160402,电视柜,1,0,2010-12-21 19:35:00.873,2010-08-18 11:11:47.65
307,292,01160403,玄关柜,1,0,2010-12-21 19:35:00.873,2010-08-18 11:11:53.427
308,292,01160404,酒柜,1,0,2010-12-21 19:35:00.873,2010-08-18 11:11:57.68
309,122,01120201,B款衣帽间,1,0,2010-12-21 19:35:00.873,2010-08-18 14:21:28.203
310,122,01120202,C款衣帽间,1,0,2010-12-21 19:35:00.873,2010-08-18 14:21:35.363
311,280,0112030201,1#层板,1,0,2010-12-21 19:35:00.873,2010-08-18 14:47:00.163
312,280,0112030202,2#层板,1,0,2010-12-21 19:35:00.873,2010-08-18 14:47:03.993
313,280,0112030203,3#层板,1,0,2010-12-21 19:35:00.873,2010-08-18 14:47:07.0
314,280,0112030204,4#层板,1,0,2010-12-21 19:35:00.873,2010-08-18 14:47:11.763
315,281,0112030301,2068侧板,1,0,2010-12-21 19:35:00.873,2010-08-18 14:48:11.36
316,281,0112030302,2388中侧板,1,0,2010-12-21 19:35:00.873,2010-08-18 14:48:23.053
317,281,0112030303,2780高侧板,1,0,2010-12-21 19:35:00.873,2010-08-18 14:48:33.747
318,282,0112030401,功能组件,1,0,2010-12-21 19:35:00.873,2010-08-18 14:49:43.65
319,282,0112030402,抽屉,1,0,2010-12-21 19:35:00.873,2010-08-18 14:49:54.093
320,282,0112030403,格子架,1,0,2010-12-21 19:35:00.873,2010-08-18 14:50:03.937
321,282,0112030404,L架,1,0,2010-12-21 19:35:00.873,2010-08-18 14:52:49.64
322,319,011203040201,抽面,1,0,2010-12-21 19:35:00.873,2010-08-18 14:54:41.66
323,319,011203040202,抽芯,1,0,2010-12-21 19:35:00.873,2010-08-18 14:54:47.607
324,322,01120304020101,平板抽面,1,0,2010-12-21 19:35:00.873,2010-08-18 14:55:00.96
325,322,01120304020102,艇型抽面,1,0,2010-12-21 19:35:00.873,2010-08-18 14:55:25.143
326,132,011301010101,其它类,1,0,2010-12-21 19:35:00.873,2010-08-18 15:48:45.15
327,132,011301010102,层板类,1,0,2010-12-21 19:35:00.873,2010-08-18 15:48:58.92
328,132,011301010103,侧板类,1,0,2010-12-21 19:35:00.873,2010-08-18 15:49:18.493
329,132,011301010104,组件类,1,0,2010-12-21 19:35:00.873,2010-08-18 15:49:24.63
330,327,01130101010201,1#层板,1,0,2010-12-21 19:35:00.873,2010-08-18 15:49:44.6
331,327,01130101010202,2#层板,1,0,2010-12-21 19:35:00.873,2010-08-18 15:49:48.377
332,327,01130101010203,3#层板,1,0,2010-12-21 19:35:00.873,2010-08-18 15:49:51.653
333,327,01130101010204,4#层板,1,0,2010-12-21 19:35:00.873,2010-08-18 15:49:55.527
334,327,01130101010205,5#层板,1,0,2010-12-21 19:35:00.873,2010-08-18 15:50:08.637
335,327,01130101010206,6#层板,1,0,2010-12-21 19:35:00.873,2010-08-18 15:50:12.33
336,327,01130101010207,7#层板,1,0,2010-12-21 19:35:00.873,2010-08-18 15:50:15.827
337,327,01130101010208,8#层板,1,0,2010-12-21 19:35:00.873,2010-08-18 15:50:19.15
338,328,01130101010301,其它侧板,1,0,2010-12-21 19:35:00.873,2010-08-18 15:50:38.103
339,328,01130101010302,2068侧板,1,0,2010-12-21 19:35:00.873,2010-08-18 15:50:56.563
340,328,01130101010303,2338侧板,1,0,2010-12-21 19:35:00.873,2010-08-18 15:51:01.497
341,329,01130101010401,其它,1,0,2010-12-21 19:35:00.873,2010-08-18 15:51:18.9
342,329,01130101010402,掩门,1,0,2010-12-21 19:35:00.873,2010-08-18 15:51:41.06
343,328,01130101010304,2388侧板,1,0,2010-12-21 19:35:00.873,2010-08-18 15:53:05.093
344,329,01130101010403,抽屉,1,0,2010-12-21 19:35:00.873,2010-08-18 16:21:15.767
345,344,0113010101040301,抽面,1,0,2010-12-21 19:35:00.873,2010-08-18 16:21:27.77
346,344,0113010101040302,抽芯,1,0,2010-12-21 19:35:00.873,2010-08-18 16:21:32.013
347,342,0113010101040201,平板掩门,1,0,2010-12-21 19:35:00.873,2010-08-18 16:24:03.083
348,342,0113010101040202,拼框掩门,1,0,2010-12-21 19:35:00.873,2010-08-18 16:24:14.223
349,342,0113010101040203,玻璃掩门,1,0,2010-12-21 19:35:00.873,2010-08-18 16:24:35.577
350,131,0113010205,活动柜,1,0,2010-12-21 19:35:00.873,2010-08-18 16:35:52.093
351,131,0113010206,主机架,1,0,2010-12-21 19:35:00.873,2010-08-18 16:35:58.623
352,139,0113020101,B款鞋柜,1,0,2010-12-21 19:35:00.873,2010-08-18 16:55:32.593
353,139,0113020102,C款鞋柜,1,0,2010-12-21 19:35:00.873,2010-08-18 16:55:41.46
354,124,01130207,饰物柜,1,0,2010-12-21 19:35:00.873,2010-08-18 17:01:05.593
355,145,0113030101,C/D款床,1,0,2010-12-21 19:35:00.873,2010-08-18 17:18:35.09
356,146,0113030201,E款床,1,0,2010-12-21 19:35:00.873,2010-08-18 17:18:42.217
357,146,0113030202,F款床,1,0,2010-12-21 19:35:00.873,2010-08-18 17:18:46.68
358,125,01130307,梳妆台,1,0,2010-12-21 19:35:00.873,2010-08-18 17:20:27.277
359,23,010704,转印膜,1,0,2010-12-21 19:35:00.873,2010-08-21 09:50:18.853
360,26,011009,牛皮纸袋,1,0,2010-12-21 19:35:00.873,2010-08-21 10:05:00.247
361,237,011007030201,展示系列,1,0,2010-12-21 19:35:00.873,2010-08-21 10:07:25.207
362,361,01100703020101,书房系列,1,1,2010-12-21 19:35:00.873,2010-08-21 10:07:32.203
363,237,011007030202,书房系列,1,0,2010-12-21 19:35:00.873,2010-08-21 10:07:46.893
364,237,011007030203,卧室系列,1,0,2010-12-21 19:35:00.873,2010-08-21 10:08:16.203
365,237,011007030204,客厅系列,1,0,2010-12-21 19:35:00.873,2010-08-21 10:08:29.153
366,282,0112030405,挂板,1,0,2010-12-21 19:35:00.873,2010-08-21 10:28:50.173
367,292,01160405,饰物柜,1,0,2010-12-21 19:35:00.873,2010-08-21 10:44:47.17
368,28,011205,衣柜背板,1,0,2010-12-21 19:35:00.873,2010-09-01 08:57:56.617
369,130,0113010104,书柜背板,1,0,2010-12-21 19:35:00.873,2010-09-01 09:57:59.453
370,123,01130103,折叠床,1,0,2010-12-21 19:35:00.873,2010-09-01 10:52:12.807
371,286,011903,基础板件,1,0,2010-12-21 19:35:00.873,2010-09-01 15:58:05.6
372,286,011904,封边带,1,0,2010-12-21 19:35:00.873,2010-09-01 15:58:15.963
373,286,011905,包装编码,1,0,2010-12-21 19:35:00.873,2010-09-03 09:18:18.443
374,0,01,19_专卖店报价专用编码,1,1,2010-12-21 19:35:00.873,2010-09-10 16:45:11.547
375,15,0120,19_专卖店报价专用编码,1,0,2010-12-21 19:35:00.873,2010-09-10 16:46:27.817
376,375,012001,衣柜,1,0,2010-12-21 19:35:00.873,2010-09-10 17:07:07.527
377,375,012002,组件,1,0,2010-12-21 19:35:00.873,2010-09-10 17:07:21.6
378,375,012003,趟门,1,0,2010-12-21 19:35:00.873,2010-09-10 17:07:31.907
379,375,012004,衣帽间,1,0,2010-12-21 19:35:00.873,2010-09-10 17:07:43.607
380,375,012005,书柜,1,0,2010-12-21 19:35:00.873,2010-09-10 17:07:55.1
381,375,012006,非标件,1,0,2010-12-21 19:35:00.873,2010-09-10 17:08:08.317
382,51,01030807,抽屉板,1,0,2010-12-21 19:35:00.873,2010-10-13 09:05:42.767
383,257,01120106010104,吸塑抽面,1,0,2010-12-21 19:35:00.873,2010-10-18 08:35:17.0
384,383,0112010601010401,1#抽面,1,0,2010-12-21 19:35:00.873,2010-10-18 08:35:41.727
385,383,0112010601010402,3#抽面,1,0,2010-12-21 19:35:00.873,2010-10-18 08:35:48.373
386,91,01070202,0.30mm,1,0,2010-12-21 19:35:00.873,2010-10-28 10:08:43.27
387,257,01120106010105,内圆弧抽面,1,0,2010-12-21 19:35:00.873,2010-10-29 17:43:21.997
388,387,0112010601010501,1#抽面,1,0,2010-12-21 19:35:00.873,2010-10-29 17:44:17.55
389,387,0112010601010502,3#抽面,1,0,2010-12-21 19:35:00.873,2010-10-29 17:44:24.99
390,387,0112010601010503,4#抽面,1,0,2010-12-21 19:35:00.873,2010-10-29 17:44:31.997
391,322,01120304020103,内圆弧抽面,1,0,2010-12-21 19:35:00.873,2010-10-29 17:45:21.917
392,139,0113020103,D款鞋柜,1,0,2010-12-21 19:35:00.873,2010-12-20 10:57:02.0
393,15,0121,20_合资物料,1,0,2010-12-21 19:35:00.873,2010-12-21 08:22:51.657
394,393,012101,其它,1,0,2010-12-21 19:35:00.873,2010-12-21 08:23:29.703
395,393,012102,板件,1,0,2010-12-22 08:19:01.397,2010-12-21 08:25:32.243
396,393,012103,坯料,1,0,2010-12-21 19:35:00.873,2010-12-21 08:25:41.913
397,393,012104,五金,1,0,2010-12-21 19:35:00.873,2010-12-21 08:26:18.043
398,393,012105,包装材料,1,0,2010-12-21 19:35:00.873,2010-12-21 08:26:25.843
401,383,0112010601010403,4#抽面,1,0,2010-12-29 08:59:37.293,2010-12-29 08:59:37.293
402,209,011704,封边带,1,0,2011-02-15 17:38:31.777,2011-02-15 17:38:31.777
403,373,01190501,包装编码（打折）,1,0,2011-02-24 19:39:23.077,2011-02-24 19:39:23.077
404,373,01190502,包装编码（不打折）,1,0,2011-02-24 19:39:41.907,2011-02-24 19:39:41.907
405,212,01170301,竖框,1,0,2011-03-15 14:21:52.673,2011-03-15 14:21:52.673
406,212,01170302,横框,1,0,2011-03-15 14:22:02.5,2011-03-15 14:22:02.5
407,212,01170303,轨道,1,0,2011-03-15 14:22:15.107,2011-03-15 14:22:15.107
408,32,01010103,实木板素板,1,0,2011-06-13 11:00:44.553,2011-06-13 11:00:44.553
409,30,011403,其它,1,0,2011-08-08 15:42:04.13,2011-08-08 15:42:04.13
410,258,01120106010203,经济抽芯,1,0,2011-08-09 16:38:39.093,2011-08-09 16:38:39.093
411,0,02,其他,1,1,2011-09-15 08:18:21.017,2011-09-15 08:18:21.017
412,51,01030808,其他,1,0,2011-09-15 08:19:05.82,2011-09-15 08:19:05.82
413,72,01060211,衣通,1,0,2012-02-07 08:20:00.917,2012-02-07 08:20:00.917
414,30,011404,非标线条,1,0,2012-06-29 16:23:36.33,2012-06-29 16:23:36.33
415,414,01140401,202做旧线条,1,0,2014-05-17 09:22:11.27,2014-05-17 09:22:11.27
416,393,012106,吸塑,1,1,2014-07-20 12:54:26.503,2014-07-20 12:54:26.503
417,393,012107,吸塑,1,1,2014-07-20 12:54:48.203,2014-07-20 12:54:48.203
418,15,0122,吸塑,1,0,2014-07-20 12:54:59.53,2014-07-20 12:54:59.53
420,15,0124,成品家居,1,0,2015-06-25 17:23:30.023,2015-06-25 17:23:30.023
